{"recall_0":0.8878504672897196,"_step":8,"_wandb":{"runtime":2668},"_runtime":1116.975301,"recall_1":0.18924889543446244,"hidden_sizes":"[512, 256, 128]","accuracy":0.7441296773216179,"precision_0":0.8087213342599027,"_timestamp":1.7321237430437381e+09,"f1_1":0.2333182024512029,"f1_0":0.8464405855077733,"model_name":"distilbert-base-uncased","max_length":512,"precision_1":0.30414201183431955}